"SNP","CHROM","POS","REF","ALT","Effect","SE","TH.GLM"
"49_19661609",49,19661609,"G","C",14.9457958164572,2.09810320629336,6.14532052994697e-10
